username,degree
iitarc,459
iitalumniassn,304
IITCampusLife,283
illinoistech,266
IITCareers,261
IITSci_Letters,245
GalvinLibrary,240
IITCommunity,218
IITHumanScience,210
IITEngineering,204
IITAdmission,194
IITFacilities,192
IITStuart,186
IIT_HUM,184
IITPsychology,174
iitsga,173
ILTechAthletics,169
IIT_ITM,164
IIT_OneStopShop,162
IITGradRecruit,157
IITSHWC,151
IITORL,149
TechNewsIIT,143
IITPublicSafety,139
iitunionboard,130
kjstetz,120
IITComputing,119
iitgreen,113
BogIIT,111
iitentrepreneur,108
iitcsdept,105
SpirituaLifeIIT,105
IllinoisTechGLP,103
IITcareerservic,94
IITLeadershipAc,93
PrismIIT,87
iitwhiteboard,87
IITGreekCouncil,86
KaplanInstitute,81
IIT_Tech_Park,78
ShimerSchool,78
IPROatIIT,77
IITStudentsAct,76
IITFaculty,76
IntiniumGroup,75
Commons_IIT,74
triangleIIT,69
MikeGosz,69
BSU_IIT,68
WDavid_IllTech,66
iiiop28234859,64
jmille38,64
DigIITalArchFab,64
ESW_IIT,63
WIITChicago,63
IITSOAR_Leo,63
ShuBeorNotShuBe,61
SameerS45569163,58
iitdelts,56
lwoods531,56
LuisLarco,55
RossTLudwig,54
PritzkerClub,51
IITSocSciences,51
gpdoyle,51
iitipro,51
TheNextGenAIR,50
Positivelyposit,48
SistersOnCampus,47
ASO_IIT,46
iit_acmw,45
MTCCLateNiite,45
AiaaTech,43
iitcin,43
Sankar11134207,43
IITSOAR_Jacob,43
MiesSociety,42
iit_ccc,42
anopc,41
ShilaBorse,41
cityzenlab,41
IITSOAR_Rahul,41
WW_Lopez72,41
iitideashop,41
33rdiit,40
fscillinoistech,40
IITIPL,38
Examhook1,38
BW_IllinoisTech,37
Andrew_IIT,36
studyabroadiit,36
iitcandycampus,35
IllinoisTechIM,35
RealTechNewsIIT,34
akshith_rock,34
AmrMohsen95,34
usacolumbus69,33
quinnmcastaneda,32
ksubramani29,32
vijayprakash15,32
pradeepgill7,31
aakashkumar3163,31
FashionPETRAcom,31
NishitrajRaj,31
Manjeet252002,30
mit98ree1,28
KnappCenter,28
PsiChi_IIT,28
datti_sunil,28
azocaro,28
rextechy,27
pin2kryadav1992,27
chicollegenight,27
shikshasamadhan,27
Saurabh009133,27
awelch_iit,27
timewar85,27
happyflowers201,26
javenzing,26
balciuTX,26
mgarcia810,26
aruntayal1,26
akj_techno,26
regothaman,25
sikhu687,25
IIT_PSM,25
kamerboss410,24
emmastohlman,24
mysorefoodies,24
PoojaMankani919,24
astavcm,24
xraymancs,24
justinsum41,23
shubhamrakheja,23
GKapaleshwari,23
rajan612,23
olasusususu,23
JonSpathelf,23
ditesmoietoile,23
legaloflegends,22
JoshuaLee102317,22
a_queer_ius,22
WLimestall,22
avsheth11,22
yzeng13,22
AlNunez1890,22
onlineresult,22
dhanushsetty,21
kunalomizer,21
AnkithMJain,21
guyshirjitsingh,21
farihawajid,21
dc_iit,20
IITCAC,20
Congying123456,20
ameenaleah,20
UniMonk,20
Lalitya84,19
Human_Sys_Integ,19
Bunthoon21,19
MMallaraju,19
ansh5ulgupta,19
NoNonsenseChik,19
Simbu07,19
MoeinMayeh,19
ladybug3699,19
RumoHasan,18
PapachyaB,18
mangojuicebabi,18
priti1005,18
ILStateSociety,18
agefugitive,18
shankararyal12,18
harsha_3003,18
SkolSystem,18
VIJAY106860,18
vamsi_chittem,18
FoodMatters_,18
JaysunVeronesi,18
Birukye,17
SigEp_IIT,17
GLSC2016,17
hautesausage,17
MeiliZhao,17
ConnectBud,16
ASAP_Rockers,16
dharshinijpl,16
GManikrishna206,16
roohpar,16
LavdiZ,16
RealChocolate23,16
pranava_teja,16
tupekarann,15
laura44433,15
sudhindrabv,15
kristin_lorenz,15
gogovogobogo,15
ntaluzek,15
CR_MEENA,15
douglascork1,14
khalidsaif_ks,14
Orlando31434837,14
4E93C4B107FEA2,14
Photobyjohanna,14
Akanksh74028060,14
digilimeindia,14
CKJIP,14
maryakalka1,14
harshithaa_,14
c4atweets,14
TVwallinstaller,14
zleidodo,14
NibhaDevi4,13
JackieTweet,13
PEkpot,13
Abhishe18052608,13
Edu1Solution,13
NilogalRaghu,13
piyushjain1101,13
RudyBalciunas,13
j3ang_,13
SSpeakman,13
RealstaOfficial,13
premchandar2111,13
jessa10250419,13
DanTheMan8555,13
VanessaAntar,13
NoName71666847,12
pza0verlord,12
stjzl112929,12
kwabenaOsei23,12
femi_laf,12
SunilRajput0001,12
BridgeNetInc,12
shashiahuja,12
debbiedickey6,12
pbhagav1,12
viral_vicky54,12
RyanCantlin,12
hopeyoulike22,12
Grank44,12
ckoschet,11
Mirageonboard,11
A7mos2002,11
BlahBla65333376,11
eng_yarash,11
JohnSun9,11
nvmuch_,11
jonathansc9499,11
sunliveinUS,11
Vinayanand007,11
balugbs567,11
uday_kanuri,11
perfidiaaa,11
JMK1213,11
bmanojiitg,11
sunnyrkg,11
salmavich,11
LynnCHEN723,11
epicbeardcarlos,11
bageldonutfry,11
meganvansmith,10
RithvikReddy47,10
charabialdente,10
AlexChenCoding,10
WhyteHe,10
FoodFdsn,10
Jojobeats11,10
senthilr,10
bkinney0713,10
SenC333,10
8llurk,10
MdAasif44540131,10
CometsaGoC,10
LINN_ETTE,10
SivaselvanT,10
khetan_saurabh,10
_ajdhv,10
FtwFollowers,10
DineshCherupal3,9
udayGattu22,9
X1_Atomic,9
VivekRoushan4,9
feliChunge,9
CMEzeogu,9
rdTaylor2,9
ann_mcbroom,9
HiteshMore5,9
Manish10Choubey,9
consultantamit,9
LT_STEM_AC,9
Aeroram7207,9
Manojh3010,9
saicharansundar,9
ShyamaleshN,9
raskardhanu,9
pccnamanda,9
RoshnaSanjana,8
niwatson11,8
Indimexmom2,8
amanda85118573,8
coledeck0,8
MargaretZawada,8
JasonPhilmore,8
carobco,8
AkhilDeshmukh8,8
SimonHwa2,8
BandarKAU,8
UIHVolunteers,8
chaudharimanan9,8
sumedhagupta,8
ConnorRReilly,8
yz_zz,8
mehul_mandora,8
Usagi_Celia,8
Abhishe06663986,7
ADESANYASEGUN,7
krocjoe,7
farraj414,7
aaldossri,7
Anteneh64336936,7
isaac_kwegyir,7
a_8787,7
yangheyouny,7
downing_bill,7
RPatel11111,7
chris_manoj,7
pateltirthm,7
bohua913,7
jennyoung22,7
ScientiaEducare,7
SudeepKSatpathy,7
hacksnotdrugs,7
xyf1013,7
TishfulWhinking,7
seezlingmak,6
TheManojHRathod,6
BellahaCEO8888,6
WaiPhyo28779568,6
ZimaQueen,6
harmane_q,6
utkarshkg,6
segeboi,6
KNinja_5,6
MuthusamyM17,6
Daarella,6
IanHoppie,6
MagicWalaBox,6
nihanhamdi,6
jzhan616,6
RayTrygstad,6
harshitkumar_hk,6
Dasarihimasai,6
LalitaS63572987,6
ruchika15091998,6
chgltd,6
ccjimhuang,6
IeltsLinks,6
3827vt,6
ghauri24,6
padblmin,6
raisahab354,6
bobbiemcnamar,6
KneeShit,6
TrumanTransfers,6
ForeverYogurt,6
sabariprabhaka1,6
zjljlxl,5
IAlmajdua,5
ElavarasanC12,5
HITENDRA_111,5
huzairkalia,5
kr_saurav4,5
Lalithr80105953,5
Swapnil095,5
mariaulloa1507,5
cacbronzeville,5
sree_enactus,5
Princess_Dani03,5
sameer_iffco,5
jeenal_lalan,5
resonanceabad,5
librapoppy,5
amanbdes,4
MamdohAlgethami,4
mohdsaami,4
hatte_kartik,4
AswaniKEedara,4
Amardee22331485,4
ProjexED,4
zainab_latif,4
jean_lerner,4
suchatlee,4
balaji2603,4
sanjeeva1130,4
dollbedmaker,4
kaka3stan,4
althebaker43,4
PavaniRangineni,3
thisismebharath,3
myhashcode,3
abodi1184,3
AttorneyKhalid,3
m4mdoh,3
kingjaiseel,3
Soma92547911,3
yyang135,3
TheFlatsatEWU,3
Jazzy_v33,3
mabinmjoseph,3
vidvasu,3
ayush_oksiya,3
hashbackindia,3
uplift_edu,3
GyaniKotagiri,3
laprosky,3
iitadvising,3
ajithkingston,3
fpsarchive,3
njoying,3
OOnyijen,2
ABDENNACERBOUA3,2
LWillming,2
NehalAAbd,2
skandarao14,2
Bonyo_Kennedy,2
Shivams63901450,2
MengyaoCui,2
m_prithwiraj,2
manojtejas20,2
jgizowski,2
Keshav_Aarthi,2
ErlynOnline,2
nclancy13,2
ComEd,2
DrAMALLIKARJUN1,1
cpgr80,1
DrPSrinivas1,1
Sachin95996591,1
Balasivaiah4,1
1PizzaPie_,1
slsa2012,1
XHalloween,1
ThreeTwins,1
anuisancebird,1
the_lonely_seo,1
chandra_shipra,1
NHovest,1
iiTBusch,1
l_hatch,1
NSF,1
TwitterSupport,1
BBCScienceNews,1
BillNye,1
TheLeakeyFndtn,1
TEDTalks,1
ReutersScience,1
ScienceNews,1
NatGeo,1
CERN,1
