iitarc,PavaniRangineni
iitarc,thisismebharath
iitarc,NoName71666847
iitarc,DineshCherupal3
iitarc,udayGattu22
iitarc,OOnyijen
iitarc,pza0verlord
iitarc,meganvansmith
iitarc,RithvikReddy47
iitarc,charabialdente
iitarc,douglascork1
iitarc,RoshnaSanjana
iitarc,niwatson11
iitarc,seezlingmak
iitarc,stjzl112929
iitarc,AlexChenCoding
iitarc,Indimexmom2
iitarc,zjljlxl
iitarc,myhashcode
iitarc,RumoHasan
iitarc,abodi1184
iitarc,kwabenaOsei23
iitarc,WhyteHe
iitarc,DrAMALLIKARJUN1
iitarc,ABDENNACERBOUA3
iitarc,TheManojHRathod
iitarc,ckoschet
iitarc,FoodFdsn
iitarc,X1_Atomic
iitarc,IAlmajdua
iitarc,BellahaCEO8888
iitarc,cpgr80
iitarc,amanda85118573
iitarc,Mirageonboard
iitarc,Jojobeats11
iitarc,VivekRoushan4
iitarc,ElavarasanC12
iitarc,amanbdes
iitarc,senthilr
iitarc,A7mos2002
iitarc,WaiPhyo28779568
iitarc,khalidsaif_ks
iitarc,LWillming
iitarc,IITComputing
iitarc,justinsum41
iitarc,AttorneyKhalid
iitarc,feliChunge
iitarc,MamdohAlgethami
iitarc,ZimaQueen
iitarc,Abhishe06663986
iitarc,BlahBla65333376
iitarc,Lalitya84
iitarc,triangleIIT
iitarc,mohdsaami
iitarc,Birukye
iitarc,eng_yarash
iitarc,coledeck0
iitarc,ADESANYASEGUN
iitarc,m4mdoh
iitarc,MargaretZawada
iitarc,femi_laf
iitarc,CMEzeogu
iitarc,rdTaylor2
iitarc,NehalAAbd
iitarc,Human_Sys_Integ
iitarc,krocjoe
iitarc,harmane_q
iitarc,utkarshkg
iitarc,33rdiit
iitarc,JasonPhilmore
iitarc,ConnectBud
iitarc,PapachyaB
iitarc,iit_acmw
iitarc,IIT_Tech_Park
iitarc,iiiop28234859
iitarc,bkinney0713
iitarc,skandarao14
iitarc,JohnSun9
iitarc,AiaaTech
iitarc,RealTechNewsIIT
iitarc,HITENDRA_111
iitarc,Manjeet252002
iitarc,happyflowers201
iitarc,nvmuch_
iitarc,legaloflegends
iitarc,jonathansc9499
iitarc,SenC333
iitarc,kingjaiseel
iitarc,segeboi
iitarc,rextechy
iitarc,carobco
iitarc,Soma92547911
iitarc,pin2kryadav1992
iitarc,KNinja_5
iitarc,Bonyo_Kennedy
iitarc,dc_iit
iitarc,8llurk
iitarc,huzairkalia
iitarc,Orlando31434837
iitarc,IntiniumGroup
iitarc,farraj414
iitarc,kr_saurav4
iitarc,NibhaDevi4
iitarc,yyang135
iitarc,AkhilDeshmukh8
iitarc,aaldossri
iitarc,JoshuaLee102317
iitarc,Anteneh64336936
iitarc,JackieTweet
iitarc,SigEp_IIT
iitarc,Lalithr80105953
iitarc,SimonHwa2
iitarc,isaac_kwegyir
iitarc,PEkpot
iitarc,SameerS45569163
iitarc,MuthusamyM17
iitarc,hatte_kartik
iitarc,BandarKAU
iitarc,ann_mcbroom
iitarc,Shivams63901450
iitarc,kamerboss410
iitarc,sunliveinUS
iitarc,Bunthoon21
iitarc,HiteshMore5
iitarc,Daarella
iitarc,IanHoppie
iitarc,tupekarann
iitarc,TheFlatsatEWU
iitarc,KaplanInstitute
iitarc,4E93C4B107FEA2
iitarc,MikeGosz
iitarc,MdAasif44540131
iitarc,DrPSrinivas1
iitarc,MagicWalaBox
iitarc,UIHVolunteers
iitarc,AswaniKEedara
iitarc,Sachin95996591
iitarc,IITStudentsAct
iitarc,laura44433
iitarc,Photobyjohanna
iitarc,Balasivaiah4
iitarc,sudhindrabv
iitarc,Manish10Choubey
iitarc,CometsaGoC
iitarc,Akanksh74028060
iitarc,consultantamit
iitarc,SunilRajput0001
iitarc,Swapnil095
iitarc,Vinayanand007
iitarc,quinnmcastaneda
iitarc,a_8787
iitarc,chaudharimanan9
iitarc,MengyaoCui
iitarc,Jazzy_v33
iitarc,Abhishe18052608
iitarc,sumedhagupta
iitarc,LINN_ETTE
iitarc,emmastohlman
iitarc,IITSHWC
iitarc,yangheyouny
iitarc,MMallaraju
iitarc,nihanhamdi
iitarc,LT_STEM_AC
iitarc,ksubramani29
iitarc,shubhamrakheja
iitarc,Aeroram7207
iitarc,mariaulloa1507
iitarc,mit98ree1
iitarc,Amardee22331485
iitarc,mysorefoodies
iitarc,ProjexED
iitarc,jmille38
iitarc,SivaselvanT
iitarc,balugbs567
iitarc,GKapaleshwari
iitarc,uday_kanuri
iitarc,kristin_lorenz
iitarc,m_prithwiraj
iitarc,a_queer_ius
iitarc,downing_bill
iitarc,BridgeNetInc
iitarc,shashiahuja
iitarc,jzhan616
iitarc,iitcin
iitarc,IITIPL
iitarc,perfidiaaa
iitarc,ConnorRReilly
iitarc,cacbronzeville
iitarc,TheNextGenAIR
iitarc,RayTrygstad
iitarc,ASAP_Rockers
iitarc,KnappCenter
iitarc,digilimeindia
iitarc,Manojh3010
iitarc,rajan612
iitarc,harshitkumar_hk
iitarc,gogovogobogo
iitarc,sree_enactus
iitarc,Dasarihimasai
iitarc,chicollegenight
iitarc,LalitaS63572987
iitarc,ruchika15091998
iitarc,CKJIP
iitarc,IITGradRecruit
iitarc,mabinmjoseph
iitarc,ansh5ulgupta
iitarc,zainab_latif
iitarc,dharshinijpl
iitarc,regothaman
iitarc,dhanushsetty
iitarc,manojtejas20
iitarc,khetan_saurabh
iitarc,maryakalka1
iitarc,JMK1213
iitarc,chgltd
iitarc,ccjimhuang
iitarc,debbiedickey6
iitarc,IeltsLinks
iitarc,RPatel11111
iitarc,saicharansundar
iitarc,mangojuicebabi
iitarc,yz_zz
iitarc,NoNonsenseChik
iitarc,pbhagav1
iitarc,_ajdhv
iitarc,viral_vicky54
iitarc,Edu1Solution
iitarc,LuisLarco
iitarc,1PizzaPie_
iitarc,Princess_Dani03
iitarc,vidvasu
iitarc,priti1005
iitarc,jean_lerner
iitarc,bmanojiitg
iitarc,GLSC2016
iitarc,slsa2012
iitarc,pradeepgill7
iitarc,ayush_oksiya
iitarc,fscillinoistech
iitarc,sunnyrkg
iitarc,ESW_IIT
iitarc,RyanCantlin
iitarc,3827vt
iitarc,NilogalRaghu
iitarc,ILTechAthletics
iitarc,hashbackindia
iitarc,jgizowski
iitarc,uplift_edu
iitarc,ILStateSociety
iitarc,PsiChi_IIT
iitarc,Sankar11134207
iitarc,shikshasamadhan
iitarc,ShyamaleshN
iitarc,piyushjain1101
iitarc,sameer_iffco
iitarc,Simbu07
iitarc,datti_sunil
iitarc,ghauri24
iitarc,MoeinMayeh
iitarc,XHalloween
iitarc,ShimerSchool
iitarc,IITCAC
iitarc,Saurabh009133
iitarc,RudyBalciunas
iitarc,sikhu687
iitarc,IITPsychology
iitarc,agefugitive
iitarc,kunalomizer
iitarc,usacolumbus69
iitarc,GManikrishna206
iitarc,iitunionboard
iitarc,suchatlee
iitarc,ladybug3699
iitarc,j3ang_
iitarc,chris_manoj
iitarc,akshith_rock
iitarc,IIT_HUM
iitarc,hopeyoulike22
iitarc,AnkithMJain
iitarc,pateltirthm
iitarc,WLimestall
iitarc,anopc
iitarc,padblmin
iitarc,shankararyal12
iitarc,IITGreekCouncil
iitarc,IITStuart
iitarc,balaji2603
iitarc,bohua913
iitarc,raisahab354
iitarc,jeenal_lalan
iitarc,guyshirjitsingh
iitarc,bobbiemcnamar
iitarc,javenzing
iitarc,harsha_3003
iitarc,roohpar
iitarc,PoojaMankani919
iitarc,SSpeakman
iitarc,SkolSystem
iitarc,VIJAY106860
iitarc,avsheth11
iitarc,KneeShit
iitarc,salmavich
iitarc,awelch_iit
iitarc,Grank44
iitarc,balciuTX
iitarc,iitcandycampus
iitarc,yzeng13
iitarc,vamsi_chittem
iitarc,mehul_mandora
iitarc,RealstaOfficial
iitarc,PrismIIT
iitarc,Keshav_Aarthi
iitarc,olasusususu
iitarc,aakashkumar3163
iitarc,AlNunez1890
iitarc,premchandar2111
iitarc,FoodMatters_
iitarc,jennyoung22
iitarc,ScientiaEducare
iitarc,IllinoisTechIM
iitarc,JaysunVeronesi
iitarc,WDavid_IllTech
iitarc,iitcsdept
iitarc,TrumanTransfers
iitarc,MTCCLateNiite
iitarc,Andrew_IIT
iitarc,BW_IllinoisTech
iitarc,onlineresult
iitarc,LavdiZ
iitarc,JonSpathelf
iitarc,FtwFollowers
iitarc,raskardhanu
iitarc,iitwhiteboard
iitarc,resonanceabad
iitarc,ShilaBorse
iitarc,SudeepKSatpathy
iitarc,GyaniKotagiri
iitarc,sanjeeva1130
iitarc,ThreeTwins
iitarc,ForeverYogurt
iitarc,hautesausage
iitarc,anuisancebird
iitarc,mgarcia810
iitarc,aruntayal1
iitarc,studyabroadiit
iitarc,ErlynOnline
iitarc,AmrMohsen95
iitarc,pccnamanda
iitarc,laprosky
iitarc,dollbedmaker
iitarc,Usagi_Celia
iitarc,RealChocolate23
iitarc,jessa10250419
iitarc,the_lonely_seo
iitarc,IITCareers
iitarc,ASO_IIT
iitarc,RossTLudwig
iitarc,BogIIT
iitarc,IITLeadershipAc
iitarc,Positivelyposit
iitarc,MeiliZhao
iitarc,cityzenlab
iitarc,Congying123456
iitarc,IITcareerservic
iitarc,WIITChicago
iitarc,ShuBeorNotShuBe
iitarc,ditesmoietoile
iitarc,IITSOAR_Leo
iitarc,chandra_shipra
iitarc,IITSOAR_Jacob
iitarc,LynnCHEN723
iitarc,IITSOAR_Rahul
iitarc,harshithaa_
iitarc,FashionPETRAcom
iitarc,iitadvising
iitarc,IITHumanScience
iitarc,SpirituaLifeIIT
iitarc,ameenaleah
iitarc,GalvinLibrary
iitarc,astavcm
iitarc,DanTheMan8555
iitarc,UniMonk
iitarc,c4atweets
iitarc,SistersOnCampus
iitarc,ntaluzek
iitarc,TVwallinstaller
iitarc,IITEngineering
iitarc,iitdelts
iitarc,hacksnotdrugs
iitarc,sabariprabhaka1
iitarc,IllinoisTechGLP
iitarc,akj_techno
iitarc,epicbeardcarlos
iitarc,ajithkingston
iitarc,Examhook1
iitarc,vijayprakash15
iitarc,IITORL
iitarc,iitgreen
iitarc,lwoods531
iitarc,TechNewsIIT
iitarc,iitsga
iitarc,xyf1013
iitarc,IITFacilities
iitarc,farihawajid
iitarc,timewar85
iitarc,bageldonutfry
iitarc,azocaro
iitarc,DigIITalArchFab
iitarc,NishitrajRaj
iitarc,PritzkerClub
iitarc,CR_MEENA
iitarc,BSU_IIT
iitarc,iitentrepreneur
iitarc,IITPublicSafety
iitarc,IITSocSciences
iitarc,IIT_ITM
iitarc,IITAdmission
iitarc,iitalumniassn
iitarc,kjstetz
iitarc,Commons_IIT
iitarc,IITCampusLife
iitarc,illinoistech
iitarc,fpsarchive
iitarc,NHovest
iitarc,IITCommunity
iitarc,WW_Lopez72
iitarc,librapoppy
iitarc,nclancy13
iitarc,IITSci_Letters
ComEd,iitarc
WDavid_IllTech,iitarc
AlNunez1890,iitarc
IllinoisTechIM,iitarc
BW_IllinoisTech,iitarc
iitcsdept,iitarc
gpdoyle,iitarc
studyabroadiit,iitarc
anuisancebird,iitarc
xraymancs,iitarc
IITPsychology,iitarc
IITSHWC,iitarc
IITCareers,iitarc
BSU_IIT,iitarc
PritzkerClub,iitarc
iiTBusch,iitarc
lwoods531,iitarc
astavcm,iitarc
IITSOAR_Rahul,iitarc
IITSOAR_Jacob,iitarc
IITSOAR_Leo,iitarc
ShuBeorNotShuBe,iitarc
Congying123456,iitarc
zleidodo,iitarc
pranava_teja,iitarc
WIITChicago,iitarc
IITcareerservic,iitarc
jmille38,iitarc
TishfulWhinking,iitarc
IllinoisTechGLP,iitarc
iitwhiteboard,iitarc
iitadvising,iitarc
SpirituaLifeIIT,iitarc
IITHumanScience,iitarc
IITORL,iitarc
IITPublicSafety,iitarc
TechNewsIIT,iitarc
IITFacilities,iitarc
iitdelts,iitarc
njoying,iitarc
l_hatch,iitarc
GalvinLibrary,iitarc
IIT_ITM,iitarc
DigIITalArchFab,iitarc
IITSocSciences,iitarc
iitgreen,iitarc
VanessaAntar,iitarc
SistersOnCampus,iitarc
farihawajid,iitarc
IITEngineering,iitarc
iitideashop,iitarc
IITAdmission,iitarc
kjstetz,iitarc
NHovest,iitarc
IITCommunity,iitarc
NSF,iitarc
librapoppy,iitarc
WW_Lopez72,iitarc
IIT_OneStopShop,iitarc
BogIIT,iitarc
MiesSociety,iitarc
IITFaculty,iitarc
IPROatIIT,iitarc
ILTechAthletics,iitarc
MikeGosz,iitarc
iitipro,iitarc
kaka3stan,iitarc
iitsga,iitarc
nclancy13,iitarc
althebaker43,iitarc
IIT_HUM,iitarc
TwitterSupport,iitarc
BBCScienceNews,iitarc
BillNye,iitarc
TheLeakeyFndtn,iitarc
TEDTalks,iitarc
ReutersScience,iitarc
ScienceNews,iitarc
NatGeo,iitarc
CERN,iitarc
IIT_PSM,iitarc
IITSci_Letters,iitarc
IITCampusLife,iitarc
iit_ccc,iitarc
iitentrepreneur,iitarc
iitalumniassn,iitarc
illinoistech,iitarc
